{
  "instance": {
    "id": {
      "type": "HOST",
      "longId": 9123982672855455484,
      "hashCode": 381727855
    },
    "explicitAttributes": [
      {
        "attributeType": "GLOBAL_AUTO_TAGS"
      },
      {
        "attributeType": "INSTALLER_SUPPORT_ALERT"
      },
      {
        "attributeType": "DEVICE_NAME"
      },
      {
        "attributeType": "APPLICATION_INJECTION_TYPE"
      },
      {
        "attributeType": "NETWORK_FORWARDING_RULES"
      },
      {
        "attributeType": "AZURE_IOT_HUB_BUILD_IN_EVENT_HUB_ENDPOINT"
      },
      {
        "attributeType": "GEOLOC_SITE_REGION"
      },
      {
        "attributeType": "LB_BALANCED_IPS"
      },
      {
        "attributeType": "TENANT_UUID"
      },
      {
        "attributeType": "APPLICATION_MATCH_TARGET"
      },
      {
        "attributeType": "SITES_OF_BALANCED_INSTANCES"
      },
      {
        "attributeType": "CREATION_TIMESTAMP"
      },
      {
        "attributeType": "APPLICATION_TYPE"
      },
      {
        "attributeType": "GLOBAL_HOOKING_STATUS"
      },
      {
        "valueExtractor": {},
        "attributeType": "CLOUD_APPLICATION_DEPLOYMENT_TYPES"
      },
      {
        "attributeType": "OPENSTACK_FLOATING_IPS_TOTAL_PER_REGION"
      },
      {
        "attributeType": "OS_ARCHITECTURE"
      },
      {
        "attributeType": "CLOUD_TYPE"
      },
      {
        "attributeType": "GEOLOCATION_TYPE"
      },
      {
        "attributeType": "REGION_NAME"
      },
      {
        "attributeType": "DNS_NAMES"
      },
      {
        "attributeType": "RELEASE_APPLICATION"
      },
      {
        "attributeType": "AWS_SECURITY_GROUPS"
      },
      {
        "attributeType": "IS_AUTO_SCALED"
      },
      {
        "attributeType": "AWS_PUBLIC_HOSTNAME"
      },
      {
        "attributeType": "GLOBAL_CUSTOM_PG_METADATA_KEYS"
      },
      {
        "attributeType": "CLOUD_APPLICATION_TYPE"
      },
      {
        "attributeType": "VCENTER_INFO"
      },
      {
        "attributeType": "APPMON_VERSION"
      },
      {
        "attributeType": "APP_VERSION"
      },
      {
        "attributeType": "ASG_MAX_SIZE"
      },
      {
        "attributeType": "CLUSTER_MEMBER_ADDRESS"
      },
      {
        "attributeType": "FORSAKEN_SINCE"
      },
      {
        "attributeType": "OPENSTACK_FLOATING_IPS_USED_PER_REGION"
      },
      {
        "attributeType": "IS_HIGH_AVAILABILITY"
      },
      {
        "attributeType": "LAST_RUM_DATA_WITHOUT_SYNTHETIC_TIMESTAMP"
      },
      {
        "attributeType": "CLOUD_APPLICATION_INSTANCE_TYPE"
      },
      {
        "attributeType": "AZURE_HOST_NAMES"
      },
      {
        "attributeType": "RDS_ENDPOINT"
      },
      {
        "attributeType": "CURRENT_APPLICATION_VERSION"
      },
      {
        "valueExtractor": {},
        "attributeType": "USER_LABELS"
      },
      {
        "attributeType": "MAC_ADDRESS"
      },
      {
        "attributeType": "LEGACY_PROCESS_AGENT_INJECTION_SUPPRESSED"
      },
      {
        "attributeType": "WEB_REQUEST_URL_SCHEME"
      },
      {
        "attributeType": "OPENSTACK_AVAILABILITY_ZONE_NAME"
      },
      {
        "attributeType": "VIRTUALIZED_DISK_TYPE"
      },
      {
        "attributeType": "SERVICE_NOW_REPORTED_EVENT_IDS"
      },
      {
        "attributeType": "SERVICE_METHOD_TYPE"
      },
      {
        "attributeType": "LOG_PATH_SIZES"
      },
      {
        "attributeType": "CUSTOM_PG_METADATA"
      },
      {
        "attributeType": "VCENTER_VM_NUMBER"
      },
      {
        "attributeType": "GUEST_OS_FAMILY"
      },
      {
        "attributeType": "KUBERNETES_NODE_CORDONED"
      },
      {
        "attributeType": "SERVICE_TOPOLOGIES"
      },
      {
        "attributeType": "OPENSTACK_FLAVOR"
      },
      {
        "attributeType": "EBS_SNAPSHOT_ID"
      },
      {
        "attributeType": "MSG_ROUTER"
      },
      {
        "attributeType": "OPENSTACK_VCPUS_TOTAL_PER_REGION"
      },
      {
        "attributeType": "ACTION_TYPE"
      },
      {
        "attributeType": "PROXIED_BY"
      },
      {
        "attributeType": "OPENSTACK_VM_INSTANCES_USED_PER_REGION"
      },
      {
        "attributeType": "EXT_SYNTHETIC_TEST_ORIGINAL_ID"
      },
      {
        "attributeType": "ZOS_TOTAL_PHYSICAL_MEMORY"
      },
      {
        "attributeType": "LISTEN_UNIX_SOCKETS"
      },
      {
        "attributeType": "RULE_APPLIED_MATCH_TYPE"
      },
      {
        "attributeType": "CUSTOM_CONFIG_URL"
      },
      {
        "attributeType": "CF_VERBATIM_SPACE_ID"
      },
      {
        "attributeType": "SYNTHETIC_TEST_OPERATION_STATES"
      },
      {
        "attributeType": "AZURE_HOST_NAME"
      },
      {
        "attributeType": "GLOBAL_CUSTOM_HOST_METADATA_KEYS"
      },
      {
        "attributeType": "AZURE_STORAGE_ACCOUNT_SECONDARY_REGION"
      },
      {
        "attributeType": "AUTO_DETECTED_APPLICATIONS"
      },
      {
        "attributeType": "PROXY_RESOLUTION_DEBUG_VALUES"
      },
      {
        "attributeType": "MOBILE_WEB_REQUEST_TYPE"
      },
      {
        "attributeType": "AZURE_FUNCTION_APP_NAMES"
      },
      {
        "valueExtractor": {},
        "attributeType": "SUB_ENV_TAGS"
      },
      {
        "attributeType": "TARGET_HOST"
      },
      {
        "attributeType": "PATH"
      },
      {
        "attributeType": "INHERITED_NAME"
      },
      {
        "attributeType": "AWS_ACCOUNT_ID"
      },
      {
        "attributeType": "GEOLOC_SITE_CITY"
      },
      {
        "attributeType": "API_ENDPOINT_URLS"
      },
      {
        "attributeType": "AGENT_INSTRUMENTATION_INFO"
      },
      {
        "attributeType": "LEGACY_RULE_BASED_TAGS"
      },
      {
        "attributeType": "CONNECTION_STATE"
      },
      {
        "attributeType": "LISTEN_PORTS"
      },
      {
        "attributeType": "GLOBAL_CUSTOM_DEVICE_METADATA_KEYS"
      },
      {
        "attributeType": "AZURE_SERVICE_BUS_TOPIC_SUBSCRIPTION_COUNT"
      },
      {
        "attributeType": "LAST_RUM_DATA_TIMESTAMP"
      },
      {
        "attributeType": "JIRA_ISSUE_KEYS"
      },
      {
        "attributeType": "LEGACY_SUB_ENV_TAGS"
      },
      {
        "attributeType": "PRODUCT_VERSION"
      },
      {
        "attributeType": "ZOS_TOTAL_ZIIP_PROCESSORS"
      },
      {
        "attributeType": "FLAVOR_NAME"
      },
      {
        "attributeType": "CUSTOM_DEVICE_DELETED"
      },
      {
        "attributeType": "BITNESS"
      },
      {
        "attributeType": "EXTERNAL_RESOURCE_UID"
      },
      {
        "attributeType": "SHUTDOWN_SINCE"
      },
      {
        "attributeType": "DATABASE_TABLE"
      },
      {
        "attributeType": "OPENSTACK_PROJECT_NAME"
      },
      {
        "attributeType": "AZURE_FUNCTIONS_SITE_NAME"
      },
      {
        "attributeType": "CLUSTER_TIME_SYNCED"
      },
      {
        "attributeType": "MAC_ADDRESSES"
      },
      {
        "attributeType": "SOFTWARE_TECHS"
      },
      {
        "attributeType": "ZOS_CPU_SERIAL_NUMBER"
      },
      {
        "attributeType": "AIX_SIMULTANEOUS_THREADS"
      },
      {
        "attributeType": "GCE_INSTANCE_ID"
      },
      {
        "attributeType": "DISK_MOUNTPOINTS"
      },
      {
        "attributeType": "OPENSTACK_MEMORY_TOTAL"
      },
      {
        "attributeType": "DB_HOST_NAMES"
      },
      {
        "attributeType": "AZURE_COSMOS_DB_ACCOUNT_TYPE"
      },
      {
        "attributeType": "IS_DELETED"
      },
      {
        "attributeType": "DCRUM_SERVER_ADDRESS"
      },
      {
        "attributeType": "RDS_DB_SNAPSHOT_IDENTIFIER"
      },
      {
        "attributeType": "PLUGINS_RUNNING"
      },
      {
        "attributeType": "AZURE_SITE_NAME"
      },
      {
        "attributeType": "CALL_TAGS"
      },
      {
        "attributeType": "EBS_TYPE"
      },
      {
        "attributeType": "CUSTOM_APPLICATION_TYPE"
      },
      {
        "attributeType": "DELETED_SINCE"
      },
      {
        "attributeType": "INSTALLER_POTENTIAL_PROBLEM"
      },
      {
        "attributeType": "AIX_LOGICAL_CPU_COUNT"
      },
      {
        "attributeType": "ORDERED_DATA_CENTER_NAMES"
      },
      {
        "attributeType": "SOURCE_STATUS"
      },
      {
        "attributeType": "GLOBAL_DCRUM_SERVICE_METADATA_KEYS"
      },
      {
        "attributeType": "ACTION_DOMAIN"
      },
      {
        "attributeType": "VMWARE_TOOLS_STATUS"
      },
      {
        "attributeType": "DATABASE_CLUSTER_DB_RULE_ID"
      },
      {
        "attributeType": "ELB_PORT_MAP"
      },
      {
        "attributeType": "AGENT_TECHNOLOGY_TYPE"
      },
      {
        "attributeType": "NEWEST_DATA_IN_STORAGE"
      },
      {
        "attributeType": "GARDEN_APPLICATION_NAMES"
      },
      {
        "attributeType": "GATEWAY_TYPE"
      },
      {
        "attributeType": "LAST_SEEN"
      },
      {
        "attributeType": "RULE_APPLIED_PATTERN"
      },
      {
        "attributeType": "LOGICAL_CPU_CORES"
      },
      {
        "valueExtractor": {},
        "attributeType": "KUBERNETES_NODE_STATES"
      },
      {
        "valueExtractor": {},
        "attributeType": "RULE_BASED_TAGS"
      },
      {
        "attributeType": "EXT_SYNTHETIC_TEST_DRILLDOWN_LINK"
      },
      {
        "attributeType": "NETWORK_FORWARDING_RULE_SET"
      },
      {
        "attributeType": "AWS_INSTANCE_TYPE"
      },
      {
        "attributeType": "DATA_CENTER_NAMES"
      },
      {
        "attributeType": "OSI_DEVICE_NAMES_TO_DISKS"
      },
      {
        "attributeType": "AZURE_SQL_ELASTIC_POOL_TIER"
      },
      {
        "attributeType": "ASG_AVAILABILITY_ZONES"
      },
      {
        "attributeType": "GCP_NAME"
      },
      {
        "attributeType": "OPENSTACK_VM_ID"
      },
      {
        "attributeType": "JVM_CLR_VERSION"
      },
      {
        "attributeType": "EXT_SYNTHETIC_TEST_CONFIGURED_LOCATIONS"
      },
      {
        "attributeType": "RDS_DB_INSTANCE_CLASS"
      },
      {
        "attributeType": "EXT_SYNTHETIC_TEST_SCHEDULE_INTERVAL_IN_SEC"
      },
      {
        "attributeType": "CF_APP_MAX_NUMBER_OF_INSTANCES"
      },
      {
        "attributeType": "VMWARE_TOOLS_RUNNING_STATUS"
      },
      {
        "attributeType": "DB_ENDPOINT_CONFIG_ID"
      },
      {
        "attributeType": "SYNTHETIC_SCOE_THUMBNAIL_IMAGE_ID"
      },
      {
        "attributeType": "LONGITUDE"
      },
      {
        "attributeType": "ZOS_JOB_NAME"
      },
      {
        "attributeType": "LB_UNHEALTHY_INSTANCES"
      },
      {
        "attributeType": "LATITUDE"
      },
      {
        "attributeType": "DOCKER_IMAGE_NAME"
      },
      {
        "attributeType": "EXT_SYNTHETIC_TEST_SETUP"
      },
      {
        "attributeType": "OPENSTACK_VM_INSTANCES_TOTAL_PER_REGION"
      },
      {
        "attributeType": "GATEWAY_VERSION"
      },
      {
        "attributeType": "GLOBAL_DCRUM_APP_METADATA_KEYS"
      },
      {
        "attributeType": "AZURE_EVENT_HUB_NAMESPACE_SKU"
      },
      {
        "attributeType": "SYNTHETIC_SCOE_ERROR_LOCATION"
      },
      {
        "attributeType": "AWS_BEANSTALK_ENVIRONMENT_NAME"
      },
      {
        "attributeType": "AZURE_VM_AVAILABILITY_SET_NAME"
      },
      {
        "attributeType": "CUSTOM_DEVICE_GROUP_TYPE"
      },
      {
        "attributeType": "DATABASE_NAME"
      },
      {
        "attributeType": "GLOBAL_KUBERNETES_NAMESPACES"
      },
      {
        "attributeType": "PROCESS_GROUP_TECHNOLOGY"
      },
      {
        "attributeType": "SYNTHETIC_TEST_ACTION_TYPE"
      },
      {
        "valueExtractor": {},
        "attributeType": "KUBERNETES_NODE_INTERNAL_IP_ADDRESSES"
      },
      {
        "attributeType": "INTERNAL_DEBUG_VALUE"
      },
      {
        "attributeType": "MANAGED_SGW"
      },
      {
        "attributeType": "FALLBACK_SERVICE_TYPE"
      },
      {
        "attributeType": "OPENSTACK_DISK_SPACE_USED"
      },
      {
        "attributeType": "EXT_SYNTHETIC_TEST_NO_DATA_TIMEOUT"
      },
      {
        "attributeType": "SYNTHETIC_TEST_ACTION_NAME"
      },
      {
        "attributeType": "OPENSTACK_MEMORY_USED_PER_REGION"
      },
      {
        "attributeType": "APPLICATION_LIKE_TYPE"
      },
      {
        "attributeType": "CUSTOM_HOST_METADATA"
      },
      {
        "attributeType": "OPENSTACK_MEMORY_USED"
      },
      {
        "attributeType": "AZURE_SQL_ELASTIC_POOL_DATABASE_MAX_CAPACITY"
      },
      {
        "attributeType": "BOSH_INSTANCE_ID"
      },
      {
        "attributeType": "EXT_SYNTHETIC_TEST_EXPIRATION_TIMESTAMP"
      },
      {
        "attributeType": "AGENT_INJECTION_INFORMATION_PER_PID"
      },
      {
        "attributeType": "CINDER_BACKEND"
      },
      {
        "attributeType": "LOG_DATE_DISCOVERY_ERROR"
      },
      {
        "attributeType": "OS_VERSION"
      },
      {
        "attributeType": "AUTO_TAGS"
      },
      {
        "attributeType": "METHOD_NAME"
      },
      {
        "attributeType": "OPENSTACK_VCPUS_USED_PER_REGION"
      },
      {
        "attributeType": "SYNTHETIC_SCOE_CREATION_TIMESTAMP"
      },
      {
        "attributeType": "PAAS_VENDOR_TYPE"
      },
      {
        "valueExtractor": {},
        "attributeType": "IP_ADDRESSES"
      },
      {
        "attributeType": "GCE_NUMERIC_PROJECT_ID"
      },
      {
        "attributeType": "STANDALONE"
      },
      {
        "attributeType": "POWER_STATE"
      },
      {
        "attributeType": "AZURE_SITE_NAMES"
      },
      {
        "attributeType": "LEGACY_PROCESS_AGENT_INJECTION_FAILED"
      },
      {
        "attributeType": "CF_APP_MEMORY_LIMIT_PER_INSTANCE_MB"
      },
      {
        "attributeType": "IS_OPENSTACK_CONTROLLER"
      },
      {
        "attributeType": "DCRUM_DECODER"
      },
      {
        "attributeType": "KUBERNETES_VERBATIM_NODE_ID"
      },
      {
        "attributeType": "PLUGINS_RUNNING_DISPLAY_NAMES"
      },
      {
        "attributeType": "REMOTE_SERVICE_NAME"
      },
      {
        "attributeType": "DCRUM_GROUP_ID"
      },
      {
        "attributeType": "CF_VERBATIM_APPLICATION_ID"
      },
      {
        "attributeType": "BOSH_NAME"
      },
      {
        "attributeType": "BOSH_AVAILABILITY_ZONE"
      },
      {
        "attributeType": "SERVER_DATA_CENTER"
      },
      {
        "attributeType": "VCENTER_HOST_NUMBER"
      },
      {
        "attributeType": "PROCESS_TYPE"
      },
      {
        "attributeType": "AZURE_IOT_HUB_CAPACITY_PROVISIONED_UNITS"
      },
      {
        "attributeType": "MONITORING_CANDIDATE_CONTEXTS"
      },
      {
        "attributeType": "PROCESS_GROUP_INSTANCE_MODULES"
      },
      {
        "attributeType": "DATASTORE_FREE_SPACE"
      },
      {
        "attributeType": "PHYSICAL_MEMORY"
      },
      {
        "attributeType": "AWS_LOCAL_HOSTNAME"
      },
      {
        "attributeType": "SYNTHETIC_SCOE_REGULAR_ERROR_IMAGE_ID"
      },
      {
        "attributeType": "RDS_ENGINE"
      },
      {
        "attributeType": "CF_APP_MAX_DISK_SPACE_PER_INSTANCE_MB"
      },
      {
        "attributeType": "CF_APPLICATION_NAME"
      },
      {
        "attributeType": "GCE_PROJECT_ID"
      },
      {
        "attributeType": "CERTIFICATE_INFO"
      },
      {
        "attributeType": "AZURE_SERVICE_BUS_LAST_ACCESS_TIMESTAMP"
      },
      {
        "attributeType": "SYNTHETIC_SCOE_THUMBNAIL_ERROR_IMAGE_ID"
      },
      {
        "attributeType": "GCE_INSTANCE_NAME"
      },
      {
        "attributeType": "AZURE_SCALE_SET_CAPACITY"
      },
      {
        "attributeType": "AZURE_WEB_APP_KIND"
      },
      {
        "attributeType": "GCE_PUBLIC_IP_ADDRESSES"
      },
      {
        "attributeType": "RECENT_APPLICATION_VERSIONS"
      },
      {
        "attributeType": "CTG_SERVER_NAME"
      },
      {
        "attributeType": "SYNTHETIC_SCOE_REGULAR_URI"
      },
      {
        "attributeType": "NETWORK_ZONE"
      },
      {
        "attributeType": "LEGACY_IP_ADDRESSES"
      },
      {
        "attributeType": "ELB_DNS_NAME"
      },
      {
        "attributeType": "CLUSTER_UUID"
      },
      {
        "attributeType": "DATABASE_VENDOR"
      },
      {
        "attributeType": "DB_SERVICE_NAMES"
      },
      {
        "attributeType": "SYNTHETIC_ENGINE"
      },
      {
        "attributeType": "IIB_APPLICATION_NAME"
      },
      {
        "attributeType": "CPU_CAPACITY"
      },
      {
        "attributeType": "CF_INFO_API_VERSION"
      },
      {
        "attributeType": "SERVICE_VERSION"
      },
      {
        "attributeType": "AWS_PUBLIC_IP"
      },
      {
        "attributeType": "AWS_DISK_TYPE"
      },
      {
        "attributeType": "RDS_PORT"
      },
      {
        "attributeType": "DOCKER_IMAGE_ID"
      },
      {
        "attributeType": "AWS_BASIC_MONITORING_SINCE"
      },
      {
        "attributeType": "KUBERNETES_PROVIDER_TYPE"
      },
      {
        "attributeType": "AZURE_SQL_ELASTIC_POOL_STORAGE_LIMIT_MB"
      },
      {
        "attributeType": "NETWORK_INTERFACE_SPEED"
      },
      {
        "attributeType": "CUSTOM_DEVICE_SOURCES"
      },
      {
        "attributeType": "CGI_IMAGE_NAME"
      },
      {
        "attributeType": "SERVICE_URIS"
      },
      {
        "attributeType": "AZURE_SQL_DB_SECONDARY_REGION"
      },
      {
        "attributeType": "HTTP_CHECK_TYPE"
      },
      {
        "attributeType": "SERVICE_TYPE"
      },
      {
        "attributeType": "OPENSTACK_SECURITY_GROUPS"
      },
      {
        "attributeType": "SERVICE_SUB_TYPE"
      },
      {
        "attributeType": "PAAS_MEMORY_LIMIT"
      },
      {
        "attributeType": "AZURE_SQL_DB_MAX_SIZE_BYTES"
      },
      {
        "attributeType": "SYNTHETIC_LIKE_HIDDEN"
      },
      {
        "attributeType": "CLOUD_APPLICATION_INSTANCE_PHASE"
      },
      {
        "attributeType": "OPENSTACK_DISK_SPACE_TOTAL"
      },
      {
        "attributeType": "RDS_DB_NAME"
      },
      {
        "valueExtractor": {},
        "attributeType": "MONITORING_MODE"
      },
      {
        "attributeType": "ZOS_VIRTUALIZATION"
      },
      {
        "attributeType": "GEOLOC_SITE_COUNTRY"
      },
      {
        "attributeType": "AZURE_WS_COMPUTE_MODE"
      },
      {
        "attributeType": "SYNTHETIC_SCOE_LOCATION"
      },
      {
        "attributeType": "RDS_PRIMARY_AVAILABILITY_ZONE"
      },
      {
        "attributeType": "TRELLO_CARD_IDS"
      },
      {
        "attributeType": "MOBILE_ACTION_TYPE"
      },
      {
        "attributeType": "HYPERVISOR_TYPE"
      },
      {
        "attributeType": "CONDITIONAL_NAME"
      },
      {
        "attributeType": "DB_HOST_NAME"
      },
      {
        "attributeType": "CF_APP_PACKAGE_UPDATED_AT"
      },
      {
        "attributeType": "AZURE_TENANT_UUID"
      },
      {
        "attributeType": "SYNTHETIC_STEP_APPLICATION_V2"
      },
      {
        "attributeType": "FIRST_TOUCHED"
      },
      {
        "attributeType": "CONTAINERIZATION_TYPE"
      },
      {
        "attributeType": "DETAILED_PLUGINS_RUNNING"
      },
      {
        "attributeType": "IS_CATCH_ALL_METHOD"
      },
      {
        "attributeType": "ASG_SIZE"
      },
      {
        "attributeType": "MAIN_SERVICE_SOFTWARE_TECH"
      },
      {
        "attributeType": "DUMP_SUPPORTED"
      },
      {
        "attributeType": "RELEASE_ENVIRONMENT"
      },
      {
        "attributeType": "LB_UNHEALTHY_IPS"
      },
      {
        "attributeType": "DOCKER_CONTAINER_ID"
      },
      {
        "attributeType": "HOST_NAMES"
      },
      {
        "attributeType": "VISUAL_REPLAY_STORAGE_META_INFO"
      },
      {
        "attributeType": "NEUTRON_NETWORK_ID"
      },
      {
        "attributeType": "AZURE_EVENT_HUB_PARTITION_COUNT"
      },
      {
        "attributeType": "VMWARE_TOOLS_VERSION"
      },
      {
        "attributeType": "GEOLOCATION_CODE"
      },
      {
        "attributeType": "LOG_FILE_STATUS"
      },
      {
        "attributeType": "WEB_SERVICE_NAME"
      },
      {
        "attributeType": "GCE_HOSTNAME"
      },
      {
        "attributeType": "SPECIAL_AGENT_INJECTION_FAILED"
      },
      {
        "attributeType": "CGI_CONTAINER_PROPERTIES_LIST"
      },
      {
        "attributeType": "LAST_UNSUBSCRIBED_TIMESTAMP"
      },
      {
        "attributeType": "PROCESS_GROUP_INSTANCE_VERSIONED_MODULES"
      },
      {
        "attributeType": "AZURE_EVENT_HUB_MESSAGE_RETENTION_DAYS"
      },
      {
        "attributeType": "LEGACY_CUSTOM_DEVICE_SOURCES"
      },
      {
        "attributeType": "SERVER_HEADER_VALUES"
      },
      {
        "attributeType": "GLOBAL_CLOUD_APPLICATION_NAMESPACE_LABEL_KEYS"
      },
      {
        "attributeType": "PUBLIC_DOMAIN_NAME"
      },
      {
        "attributeType": "HARDWARE_VENDOR"
      },
      {
        "attributeType": "OPENSTACK_MEMORY_TOTAL_PER_REGION"
      },
      {
        "attributeType": "WEB_APPLICATION_ID"
      },
      {
        "attributeType": "SOFTWARE_COMPONENT_FILE_NAME"
      },
      {
        "valueExtractor": {},
        "attributeType": "KUBERNETES_NODE_CONDITIONS"
      },
      {
        "attributeType": "MERGE_STATE"
      },
      {
        "attributeType": "RDS_MULTI_AZ"
      },
      {
        "attributeType": "LAST_SUBSCRIBED_TIMESTAMP"
      },
      {
        "attributeType": "MONITORING_CANDIDATE"
      },
      {
        "attributeType": "PORT"
      },
      {
        "attributeType": "SERVICE_TECHNOLOGY_TYPES"
      },
      {
        "attributeType": "DOCKER_IMAGE_IDS"
      },
      {
        "attributeType": "INSTALLER_VERSION"
      },
      {
        "attributeType": "AIX_VIRTUAL_CPU_COUNT"
      },
      {
        "attributeType": "RDS_DB_INSTANCE_IDENTIFIER"
      },
      {
        "attributeType": "SYNTHETIC_SCOE_ERROR_CREATION_TIMESTAMP"
      },
      {
        "attributeType": "RDS_ENGINE_VERSION"
      },
      {
        "attributeType": "LOG_PATH_LAST_UPDATE"
      },
      {
        "attributeType": "AZURE_SQL_DB_ID"
      },
      {
        "attributeType": "QUEUE_NAME"
      },
      {
        "attributeType": "SYNTHETIC_TEST_ACTION_SEQ"
      },
      {
        "attributeType": "DATABASE_TOPOLOGY"
      },
      {
        "attributeType": "AWS_AMI_ID"
      },
      {
        "attributeType": "PG_ID_CALC_INPUT"
      },
      {
        "attributeType": "AWS_BASIC_MONITORING"
      },
      {
        "attributeType": "AWS_INSTANCE_ID"
      },
      {
        "attributeType": "AZURE_APP_SERVICE_PLAN_TIER"
      },
      {
        "attributeType": "APPMON_HOST_NAME"
      },
      {
        "attributeType": "APPLICATION_LIKE_DELETED"
      },
      {
        "attributeType": "UNIQUE_SERVICE_NAME"
      },
      {
        "attributeType": "SYNTHETIC_SCOE_THUMBNAIL_URI"
      },
      {
        "attributeType": "OPENSTACK_HYPERVISOR_TYPE"
      },
      {
        "attributeType": "SYNTHETIC_SCOE_REGULAR_IMAGE_ID"
      },
      {
        "attributeType": "AZURE_SERVICE_BUS_MAX_SIZE_MB"
      },
      {
        "attributeType": "IS_AWS_CUSTOM_DEVICE"
      },
      {
        "attributeType": "WEB_CONTEXT_ROOT"
      },
      {
        "attributeType": "WEB_SERVER_NAME"
      },
      {
        "attributeType": "SYNTHETIC_TEST_MODIFICATION"
      },
      {
        "attributeType": "CF_INFO_VERSION"
      },
      {
        "attributeType": "OPENSTACK_COMPUTE_NODE_ID"
      },
      {
        "attributeType": "AZURE_STORAGE_ACCOUNT_PRIMARY_REGION"
      },
      {
        "attributeType": "OPENSTACK_ADMIN_INFO_AVAILABLE"
      },
      {
        "valueExtractor": {},
        "attributeType": "AV_EXPLICIT_STATE"
      },
      {
        "attributeType": "CUSTOM_DEVICE_TYPE"
      },
      {
        "attributeType": "CLASS_NAME"
      },
      {
        "attributeType": "CLUSTER_NODE_ON_PREM_INSTALL_PATH"
      },
      {
        "attributeType": "SYNTHETIC_ENGINE_ICON_URL"
      },
      {
        "attributeType": "RDS_SECONDARY_AVAILABILITY_ZONE"
      },
      {
        "attributeType": "AZURE_SUBSCRIPTION_UUID"
      },
      {
        "attributeType": "AZURE_SQL_ELASTIC_POOL_DTU"
      },
      {
        "attributeType": "SWIFT_OBJECTS_COUNT"
      },
      {
        "attributeType": "DEPLOYMENT_ZONE"
      },
      {
        "attributeType": "CONTRIBUTED_NAME"
      },
      {
        "attributeType": "AGENT_SEC_SETTINGS"
      },
      {
        "valueExtractor": {},
        "attributeType": "CLOUD_APPLICATION_LABELS"
      },
      {
        "attributeType": "BROWSER_DETAIL"
      },
      {
        "attributeType": "OPENSTACK_VCPUS_USED"
      },
      {
        "attributeType": "INSTALLER_TRACKED_DOWNLOAD"
      },
      {
        "attributeType": "DATASTORE_TOTAL_SPACE"
      },
      {
        "attributeType": "OPENSTACK_DISK_SPACE_TOTAL_PER_REGION"
      },
      {
        "attributeType": "BOSH_INSTANCE_NAME"
      },
      {
        "attributeType": "CLUSTER_NODE_CASSANDRA_RACK"
      },
      {
        "attributeType": "IS_HYPERVISOR"
      },
      {
        "attributeType": "MEMORY_TOTAL"
      },
      {
        "attributeType": "DOCKER_CONTAINER_NAME"
      },
      {
        "attributeType": "MOBILE_OS_FAMILY"
      },
      {
        "attributeType": "AZURE_RESOURCE_GROUP_NAME"
      },
      {
        "attributeType": "AZURE_WS_SKU"
      },
      {
        "attributeType": "IS_EXTERNAL_SERVICE"
      },
      {
        "attributeType": "DOCKER_CONTAINER_IDS"
      },
      {
        "attributeType": "OPENSTACK_DISK_SPACE_USED_PER_REGION"
      },
      {
        "attributeType": "OPENSTACK_VM_COUNT"
      },
      {
        "attributeType": "OTHER_AGENT_TYPES"
      },
      {
        "attributeType": "LEGACY_PROCESS_AGENT_INJECTION_INFO"
      },
      {
        "attributeType": "CUSTOMIZED_NAME"
      },
      {
        "attributeType": "INTERNAL_NAME"
      },
      {
        "attributeType": "AWS_LOCAL_IP"
      },
      {
        "attributeType": "GLOBAL_RULE_BASED_TAGS"
      },
      {
        "attributeType": "CLOUD_PLATFORM_VENDOR_VERSION"
      },
      {
        "attributeType": "SYNTHETIC_SCOE_THUMBNAIL_ERROR_URI"
      },
      {
        "attributeType": "LAST_INSTALLATION_TIMESTAMP"
      },
      {
        "attributeType": "APPMON_WEBUI_BASE_URL"
      },
      {
        "attributeType": "GLOBAL_KUBERNETES_LABEL_KEYS"
      },
      {
        "attributeType": "OS_DETAIL"
      },
      {
        "attributeType": "EXTERNAL_DEPENDENCY_TYPE"
      },
      {
        "valueExtractor": {},
        "attributeType": "USES_CREDENTIALS"
      },
      {
        "attributeType": "SYNTHETIC_DEVICE_PROFILE_NAME"
      },
      {
        "attributeType": "AZURE_API_MGMT_SKU"
      },
      {
        "attributeType": "CUSTOM_FAVICON"
      },
      {
        "attributeType": "IS_ENABLED"
      },
      {
        "attributeType": "ACTOR_SYSTEM"
      },
      {
        "attributeType": "CLUSTER_NODE_STATUS"
      },
      {
        "attributeType": "STANDALONE_SPECIAL_AGENTS_ONLY"
      },
      {
        "attributeType": "CF_VERBATIM_ORG_ID"
      },
      {
        "attributeType": "AV_EXPLICIT_STATE_PROPAGATOR"
      },
      {
        "attributeType": "SWIFT_OBJECTS_BYTES"
      },
      {
        "attributeType": "SYNTHETIC_LIKE_DELETED"
      },
      {
        "attributeType": "JAVA_MAIN_CLASS"
      },
      {
        "attributeType": "DOCKER_CONTAINER_PROPS"
      },
      {
        "attributeType": "AZURE_PRICING_TIER"
      },
      {
        "attributeType": "AZURE_FUNCTIONS_FUNCTION_NAME"
      },
      {
        "attributeType": "AWS_ARN"
      },
      {
        "attributeType": "ESB_APPLICATION_NAME"
      },
      {
        "attributeType": "IS_VOLATILE"
      },
      {
        "attributeType": "AZURE_VM_SIZE"
      },
      {
        "attributeType": "CF_APP_STATE"
      },
      {
        "attributeType": "CGI_IMAGE_ID"
      },
      {
        "attributeType": "LOG_ANALYTICS_STATUSES"
      },
      {
        "attributeType": "CF_APPLICATION_ID"
      },
      {
        "attributeType": "AZURE_MGMT_GROUP_UUID"
      },
      {
        "attributeType": "SYNTHETIC_SCOE_REGULAR_ERROR_URI"
      },
      {
        "attributeType": "LB_PORT_MULTIMAP"
      },
      {
        "attributeType": "MERGED_PORTS"
      },
      {
        "valueExtractor": {},
        "attributeType": "KUBERNETES_LABELS"
      },
      {
        "attributeType": "OPENSTACK_CINDER_VOLUMES_USED_PER_REGION"
      },
      {
        "attributeType": "CIDR_ADDRESS"
      },
      {
        "valueExtractor": {},
        "attributeType": "VALUELESS_USER_LABELS"
      },
      {
        "attributeType": "IS_CLOUD_DEPLOYMENT"
      },
      {
        "attributeType": "CUSTOM_PROPERTIES"
      },
      {
        "attributeType": "LEGACY_RESTART_REQUIRED"
      },
      {
        "attributeType": "LEGACY_HOST_AGENT_DETECTED_INJECTABLE_TECHNOLOGIES"
      },
      {
        "attributeType": "REMOTE_ENDPOINT"
      },
      {
        "attributeType": "HARDWARE_MODEL"
      },
      {
        "attributeType": "UPTIME"
      },
      {
        "attributeType": "IS_DOCKERIZED"
      },
      {
        "attributeType": "CREDENTIALS_TYPE"
      },
      {
        "attributeType": "BOUND_TO_SERVER"
      },
      {
        "attributeType": "EXT_SYNTHETIC_TEST_EDIT_LINK"
      },
      {
        "attributeType": "GLOBAL_CLOUD_FOUNDRY_ORGANISATIONS"
      },
      {
        "attributeType": "ZOS_CPU_MODEL_NUMBER"
      },
      {
        "attributeType": "SESSION_TIMES_SUMMARY"
      },
      {
        "attributeType": "LOG_TYPE"
      },
      {
        "attributeType": "VMWARE_TOOLS_VERSION_STATUS"
      },
      {
        "attributeType": "CF_INFO_BUILD_VERSION"
      },
      {
        "attributeType": "CPU_CORES"
      },
      {
        "attributeType": "BOSH_STEMCELL_VERSION"
      },
      {
        "attributeType": "AWS_VPC_NAME"
      },
      {
        "attributeType": "IS_DISTRIBUTED_RESOURCE_SCHEDULER"
      },
      {
        "attributeType": "DESCRIPTION"
      },
      {
        "attributeType": "OPENSTACK_CINDER_VOLUMES_TOTAL_PER_REGION"
      },
      {
        "attributeType": "PRODUCT_NAME"
      },
      {
        "attributeType": "DOCKER_CONTAINERS"
      },
      {
        "attributeType": "GCE_MACHINE_TYPE"
      },
      {
        "attributeType": "PGI_NODE_NAME"
      },
      {
        "attributeType": "ASG_MIN_SIZE"
      },
      {
        "attributeType": "AZURE_SQL_ELASTIC_POOL_DATABASE_MIN_CAPACITY"
      },
      {
        "attributeType": "PROCESS_GROUP_MODULES_OLD"
      },
      {
        "attributeType": "DATASTORE_URL"
      },
      {
        "attributeType": "LAST_AUTO_UPDATE_TIMESTAMP"
      },
      {
        "attributeType": "AZURE_SKU"
      },
      {
        "attributeType": "JVM_VENDOR"
      },
      {
        "attributeType": "CREDENTIAL_OWNER"
      },
      {
        "attributeType": "INTERNAL_DEBUG_PROPERTY"
      },
      {
        "attributeType": "BOSH_DEPLOYMENT_ID"
      },
      {
        "attributeType": "AWS_SUPPORTED"
      },
      {
        "attributeType": "QUEUE_VENDOR_NAME"
      },
      {
        "attributeType": "OS_TYPE"
      },
      {
        "attributeType": "AZURE_LOAD_BALANCER_SKU"
      },
      {
        "attributeType": "DB_INSTANCE_NAME"
      },
      {
        "attributeType": "DISK_MONITORING_ERRORS"
      },
      {
        "attributeType": "LAST_CALL_MOBILE_APP_USERS"
      },
      {
        "attributeType": "ZOS_TOTAL_GENERAL_PURPOSE_PROCESSORS"
      },
      {
        "attributeType": "GLOBAL_CLOUD_APPLICATION_LABEL_KEYS"
      },
      {
        "attributeType": "CLUSTER_OPERATION_STATUS"
      },
      {
        "attributeType": "IOPS"
      },
      {
        "attributeType": "GATEWAY_URL"
      },
      {
        "attributeType": "CLOUD_DATABASE_PROVIDER"
      },
      {
        "attributeType": "VIRTUALIZATION_SUPERVISOR"
      },
      {
        "attributeType": "WEB_SERVICE_NAMESPACE"
      },
      {
        "attributeType": "SYNTHETIC_INTERNAL_TESTDEF_ID"
      },
      {
        "attributeType": "GATEWAY_LOCATION_MAPPING"
      },
      {
        "attributeType": "RELEASE_VERSION"
      },
      {
        "attributeType": "OPENSTACK_VCPUS_TOTAL"
      },
      {
        "attributeType": "IN_MAINTENANCE"
      },
      {
        "attributeType": "AZURE_RESOURCE_ID"
      },
      {
        "attributeType": "ZOS_LPAR_NAME"
      }
    ],
    "queriedAttributesCount": 105,
    "checkAttributesExplicitlyRequested": false,
    "firstTouched": 1607632110834,
    "lastSeen": 1608308380568,
    "attributeMap": {
      "IS_HYPERVISOR": {
        "structure": "SingleValue"
      },
      "INSTALLER_POTENTIAL_PROBLEM": {
        "lastUpdated": 1607632110835,
        "value": false
      },
      "AIX_LOGICAL_CPU_COUNT": {
        "structure": "SingleValue"
      },
      "MEMORY_TOTAL": {
        "lastUpdated": 1608308380567,
        "value": 4294430720
      },
      "LEGACY_IP_ADDRESSES": {
        "structure": "SetOfValues"
      },
      "INSTALLER_SUPPORT_ALERT": {
        "lastUpdated": 1607632110835,
        "value": false
      },
      "NETWORK_FORWARDING_RULES": {
        "structure": "SetOfValues"
      },
      "AZURE_WS_SKU": {
        "structure": "SingleValue"
      },
      "NEWEST_DATA_IN_STORAGE": {
        "structure": "SingleValue"
      },
      "OPENSTACK_VM_COUNT": {
        "structure": "SingleValue"
      },
      "OTHER_AGENT_TYPES": {
        "structure": "SingleValue"
      },
      "CUSTOMIZED_NAME": {
        "structure": "SingleValue"
      },
      "INTERNAL_NAME": {
        "lastUpdated": 1607632110835,
        "value": "CRCORVMBROIIB.BACNET.CORP.REDBAC.com"
      },
      "GLOBAL_HOOKING_STATUS": {
        "lastUpdated": 1607632110835,
        "value": "GLOBAL_HOOKING_STATUS_ENABLED"
      },
      "OS_ARCHITECTURE": {
        "lastUpdated": 1607632110835,
        "value": "OS_ARCHITECTURE_X86"
      },
      "CLOUD_TYPE": {
        "lastUpdated": 1607632110835,
        "value": "CLOUD_TYPE_UNKNOWN"
      },
      "LOGICAL_CPU_CORES": {
        "lastUpdated": 1607632110835,
        "value": 2
      },
      "DNS_NAMES": {
        "structure": "SetOfValues"
      },
      "RULE_BASED_TAGS": {
        "structure": "SingleValue"
      },
      "PAAS_MEMORY_LIMIT": {
        "structure": "SingleValue"
      },
      "CLOUD_PLATFORM_VENDOR_VERSION": {
        "structure": "SingleValue"
      },
      "OPENSTACK_DISK_SPACE_TOTAL": {
        "structure": "SingleValue"
      },
      "IS_AUTO_SCALED": {
        "structure": "SingleValue"
      },
      "LAST_INSTALLATION_TIMESTAMP": {
        "lastUpdated": 1607958757200,
        "value": 1607958757197
      },
      "OSI_DEVICE_NAMES_TO_DISKS": {
        "lastUpdated": 1608308380567,
        "value": {
          "Disk 0": {
            "ids": [
              {
                "type": "DISK",
                "longId": -6154863882952169607,
                "hashCode": 760521283
              }
            ]
          }
        }
      },
      "MONITORING_MODE": {
        "lastUpdated": 1607632107580,
        "value": "FULL_STACK"
      },
      "ZOS_VIRTUALIZATION": {
        "structure": "SingleValue"
      },
      "AZURE_WS_COMPUTE_MODE": {
        "structure": "SingleValue"
      },
      "GCP_NAME": {
        "structure": "SingleValue"
      },
      "OPENSTACK_VM_ID": {
        "structure": "SingleValue"
      },
      "HYPERVISOR_TYPE": {
        "lastUpdated": 1607632110835,
        "value": "HYPERVISOR_TYPE_VMWARE"
      },
      "CONDITIONAL_NAME": {
        "structure": "SingleValue"
      },
      "STANDALONE_SPECIAL_AGENTS_ONLY": {
        "lastUpdated": 1607632110835,
        "value": false
      },
      "AZURE_HOST_NAMES": {
        "structure": "SetOfValues"
      },
      "AV_EXPLICIT_STATE_PROPAGATOR": {
        "structure": "SingleValue"
      },
      "USER_LABELS": {
        "structure": "SingleValue"
      },
      "LOG_FILE_STATUS": {
        "keysWithLastUpdated": {},
        "keysWithValue": {
          "Windows Application Log": "FILE_STATUS_OK",
          "Windows System Log": "FILE_STATUS_OK",
          "Windows Security Log": "FILE_STATUS_OK"
        },
        "overallLastUpdatedCache": -9223372036854775807,
        "overallPropertiesCache": {
          "Windows Application Log": {
            "lastUpdated": 1608304554040,
            "value": "FILE_STATUS_OK"
          },
          "Windows System Log": {
            "lastUpdated": 1608304554040,
            "value": "FILE_STATUS_OK"
          },
          "Windows Security Log": {
            "lastUpdated": 1608304554040,
            "value": "FILE_STATUS_OK"
          }
        },
        "instableTimestampBorder": -9223372036854775808
      },
      "IS_VOLATILE": {
        "structure": "SingleValue"
      },
      "GCE_HOSTNAME": {
        "structure": "SingleValue"
      },
      "OPENSTACK_AVAILABILITY_ZONE_NAME": {
        "structure": "SingleValue"
      },
      "LOG_ANALYTICS_STATUSES": {
        "structure": "KeyedValues"
      },
      "INTERNAL_DEBUG_VALUE": {
        "structure": "SetOfValues"
      },
      "LOG_PATH_SIZES": {
        "keysWithLastUpdated": {},
        "keysWithValue": {
          "Windows Application Log": 33558528,
          "Windows System Log": 33558528,
          "Windows Security Log": 201330688
        },
        "overallLastUpdatedCache": -9223372036854775807,
        "overallPropertiesCache": {
          "Windows Application Log": {
            "lastUpdated": 1608305036543,
            "value": 33558528
          },
          "Windows System Log": {
            "lastUpdated": 1608308093717,
            "value": 33558528
          },
          "Windows Security Log": {
            "lastUpdated": 1608308395591,
            "value": 201330688
          }
        },
        "instableTimestampBorder": -9223372036854775808
      },
      "KUBERNETES_LABELS": {
        "structure": "SingleValue"
      },
      "OPENSTACK_DISK_SPACE_USED": {
        "structure": "SingleValue"
      },
      "VALUELESS_USER_LABELS": {
        "structure": "SingleValue"
      },
      "ZOS_TOTAL_PHYSICAL_MEMORY": {
        "structure": "SingleValue"
      },
      "CUSTOM_HOST_METADATA": {
        "structure": "KeyedValuesInStablePeriod"
      },
      "MONITORING_CANDIDATE": {
        "lastUpdated": 1607632110835,
        "value": false
      },
      "OPENSTACK_MEMORY_USED": {
        "structure": "SingleValue"
      },
      "UPTIME": {
        "lastUpdated": 1608308380567,
        "value": 6721557
      },
      "INSTALLER_VERSION": {
        "lastUpdated": 1607632110835,
        "value": "1.205.163.20201201-130524"
      },
      "BOSH_INSTANCE_ID": {
        "structure": "SingleValue"
      },
      "AIX_VIRTUAL_CPU_COUNT": {
        "structure": "SingleValue"
      },
      "ZOS_CPU_MODEL_NUMBER": {
        "structure": "SingleValue"
      },
      "LOG_PATH_LAST_UPDATE": {
        "structure": "KeyedValues"
      },
      "LOG_DATE_DISCOVERY_ERROR": {
        "structure": "KeyedValues"
      },
      "OS_VERSION": {
        "lastUpdated": 1607632110835,
        "value": "Windows Server 2012 R2 Standard, ver. 6.3.9600"
      },
      "CPU_CORES": {
        "lastUpdated": 1607632110835,
        "value": 2
      },
      "AUTO_TAGS": {
        "structure": "SetOfValuesInStablePeriod"
      },
      "BOSH_STEMCELL_VERSION": {
        "structure": "SingleValue"
      },
      "DESCRIPTION": {
        "structure": "SingleValue"
      },
      "SUB_ENV_TAGS": {
        "structure": "SingleValue"
      },
      "PAAS_VENDOR_TYPE": {
        "structure": "SingleValue"
      },
      "GCE_MACHINE_TYPE": {
        "structure": "SingleValue"
      },
      "GCE_NUMERIC_PROJECT_ID": {
        "structure": "SingleValue"
      },
      "IP_ADDRESSES": {
        "lastUpdated": 1607632110835,
        "value": [
          "10.136.1.241"
        ]
      },
      "STANDALONE": {
        "lastUpdated": 1607632110835,
        "value": false
      },
      "LAST_AUTO_UPDATE_TIMESTAMP": {
        "structure": "SingleValue"
      },
      "AZURE_SITE_NAMES": {
        "structure": "SetOfValues"
      },
      "OPENSTACK_HYPERVISOR_TYPE": {
        "structure": "SingleValue"
      },
      "INHERITED_NAME": {
        "structure": "SingleValue"
      },
      "IS_OPENSTACK_CONTROLLER": {
        "structure": "SingleValue"
      },
      "INTERNAL_DEBUG_PROPERTY": {
        "structure": "KeyedValues"
      },
      "BOSH_DEPLOYMENT_ID": {
        "structure": "SingleValue"
      },
      "PLUGINS_RUNNING_DISPLAY_NAMES": {
        "stableValuesExtractor": {
          "stablePeriodInMillis": 86700000,
          "defaultStablePeriodCalcStrategy": "BY_ENTITY"
        },
        "valuesWithLastUpdated": {},
        "overallLastUpdatedCache": 1608308380570,
        "overallValuesCache": [
          {
            "lastUpdated": 1608308380570,
            "value": "dynatrace.python.heartbeat"
          }
        ],
        "instableTimestampBorder": 1608221680570
      },
      "BOSH_AVAILABILITY_ZONE": {
        "structure": "SingleValue"
      },
      "BOSH_NAME": {
        "structure": "SingleValue"
      },
      "LEGACY_RULE_BASED_TAGS": {
        "structure": "SetOfValuesInStablePeriod"
      },
      "OS_TYPE": {
        "lastUpdated": 1607632110835,
        "value": "OS_TYPE_WINDOWS"
      },
      "LEGACY_SUB_ENV_TAGS": {
        "structure": "SetOfValuesInStablePeriod"
      },
      "OPENSTACK_COMPUTE_NODE_ID": {
        "structure": "SingleValue"
      },
      "ZOS_TOTAL_ZIIP_PROCESSORS": {
        "structure": "SingleValue"
      },
      "AV_EXPLICIT_STATE": {
        "lastUpdated": 1607958757203,
        "value": "MONITORED_AGENT_ENABLED"
      },
      "ZOS_TOTAL_GENERAL_PURPOSE_PROCESSORS": {
        "structure": "SingleValue"
      },
      "MONITORING_CANDIDATE_CONTEXTS": {
        "structure": "SetOfValues"
      },
      "BITNESS": {
        "lastUpdated": 1607632110835,
        "value": "BITNESS_BITS_64"
      },
      "PHYSICAL_MEMORY": {
        "lastUpdated": 1607632110835,
        "value": 4294430720
      },
      "CONTRIBUTED_NAME": {
        "lastUpdated": 1607632110835,
        "value": ""
      },
      "GCE_PROJECT_ID": {
        "structure": "SingleValue"
      },
      "ZOS_CPU_SERIAL_NUMBER": {
        "structure": "SingleValue"
      },
      "SOFTWARE_TECHS": {
        "structure": "SetOfValuesInStablePeriod"
      },
      "GCE_INSTANCE_NAME": {
        "structure": "SingleValue"
      },
      "MAC_ADDRESSES": {
        "valuesWithLastUpdated": {},
        "overallLastUpdatedCache": -9223372036854775807,
        "overallValuesCache": [
          {
            "lastUpdated": 1608308380567,
            "value": {
              "address": [
                0,
                80,
                86,
                -98,
                -29,
                50
              ]
            }
          }
        ],
        "instableTimestampBorder": -9223372036854775808
      },
      "GCE_INSTANCE_ID": {
        "structure": "SingleValue"
      },
      "AIX_SIMULTANEOUS_THREADS": {
        "structure": "SingleValue"
      },
      "AGENT_SEC_SETTINGS": {
        "keysWithLastUpdated": {},
        "keysWithValue": {
          "AppLogRemoteConfiguration": "true",
          "AppLogContentAccess": "true",
          "AppLogAutoDetection": "true"
        },
        "overallLastUpdatedCache": -9223372036854775807,
        "overallPropertiesCache": {
          "AppLogRemoteConfiguration": {
            "lastUpdated": 1608308398767,
            "value": "true"
          },
          "AppLogContentAccess": {
            "lastUpdated": 1608308398767,
            "value": "true"
          },
          "AppLogAutoDetection": {
            "lastUpdated": 1608308398767,
            "value": "true"
          }
        },
        "instableTimestampBorder": -9223372036854775808
      },
      "GCE_PUBLIC_IP_ADDRESSES": {
        "structure": "SingleValue"
      },
      "OPENSTACK_MEMORY_TOTAL": {
        "structure": "SingleValue"
      },
      "OPENSTACK_VCPUS_USED": {
        "structure": "SingleValue"
      },
      "OPENSTACK_VCPUS_TOTAL": {
        "structure": "SingleValue"
      },
      "INSTALLER_TRACKED_DOWNLOAD": {
        "lastUpdated": 1607632110835,
        "value": false
      },
      "NETWORK_ZONE": {
        "lastUpdated": 1607632171942,
        "value": "default"
      },
      "PLUGINS_RUNNING": {
        "valuesWithLastUpdated": {},
        "overallLastUpdatedCache": -9223372036854775807,
        "overallValuesCache": [
          {
            "lastUpdated": 1608308380570,
            "value": "dynatrace.python.heartbeat"
          }
        ],
        "instableTimestampBorder": -9223372036854775808
      },
      "BOSH_INSTANCE_NAME": {
        "structure": "SingleValue"
      }
    }
  }
}