{
  "IS_DISK_OF": [
    {
      "type": "DISK",
      "longId": -6154863882952169607,
      "hashCode": 760521283
    }
  ],
  "IS_NETWORK_INTERFACE_OF": [
    {
      "type": "NETWORK_INTERFACE",
      "longId": 9123982465998829006,
      "hashCode": 1079923273
    }
  ],
  "IS_PROCESS_OF": [
    {
      "type": "PROCESS_GROUP_INSTANCE",
      "longId": -3597521138514493802,
      "hashCode": 217151607
    },
    {
      "type": "PROCESS_GROUP_INSTANCE",
      "longId": -7986719911791100354,
      "hashCode": -804288476
    },
    {
      "type": "PROCESS_GROUP_INSTANCE",
      "longId": 7480542703625454401,
      "hashCode": -143885271
    },
    {
      "type": "PROCESS_GROUP_INSTANCE",
      "longId": 9143728284509594318,
      "hashCode": -1643646953
    },
    {
      "type": "PROCESS_GROUP_INSTANCE",
      "longId": 7211369075118010397,
      "hashCode": 112631646
    },
    {
      "type": "PROCESS_GROUP_INSTANCE",
      "longId": 7624382719001500433,
      "hashCode": -2072435150
    },
    {
      "type": "PROCESS_GROUP_INSTANCE",
      "longId": -721616661296097204,
      "hashCode": -1299376472
    },
    {
      "type": "PROCESS_GROUP_INSTANCE",
      "longId": 3534543316671875071,
      "hashCode": 1081639176
    },
    {
      "type": "PROCESS_GROUP_INSTANCE",
      "longId": 4923420867249767206,
      "hashCode": -998734965
    },
    {
      "type": "PROCESS_GROUP_INSTANCE",
      "longId": -6971798715257593631,
      "hashCode": 750048340
    },
    {
      "type": "PROCESS_GROUP_INSTANCE",
      "longId": -1676484000489660942,
      "hashCode": -7605039
    },
    {
      "type": "PROCESS_GROUP_INSTANCE",
      "longId": 8898212586225478971,
      "hashCode": -1432493700
    },
    {
      "type": "PROCESS_GROUP_INSTANCE",
      "longId": -8528448608585186566,
      "hashCode": -1849695925
    },
    {
      "type": "PROCESS_GROUP_INSTANCE",
      "longId": -9200906464654032030,
      "hashCode": 586962087
    },
    {
      "type": "PROCESS_GROUP_INSTANCE",
      "longId": -1846665980671709966,
      "hashCode": -48430763
    },
    {
      "type": "PROCESS_GROUP_INSTANCE",
      "longId": 1185152258596109186,
      "hashCode": 573438885
    }
  ],
  "IS_NETWORK_CLIENT_OF_HOST": [
    {
      "type": "HOST",
      "longId": 5989836489796083872,
      "hashCode": 534236546
    },
    {
      "type": "HOST",
      "longId": 9123982672855455484,
      "hashCode": 381727855
    },
    {
      "type": "HOST",
      "longId": 4209423669804051639,
      "hashCode": 1235242374
    }
  ],
  "RUNS_ON": [
    {
      "type": "PROCESS_GROUP",
      "longId": 5060485131221840541,
      "hashCode": 195414154
    },
    {
      "type": "PROCESS_GROUP",
      "longId": 1379439024455990843,
      "hashCode": -517570605
    },
    {
      "type": "PROCESS_GROUP",
      "longId": -4711707073091708346,
      "hashCode": -936313158
    },
    {
      "type": "PROCESS_GROUP",
      "longId": -3435111180643167997,
      "hashCode": 429824810
    },
    {
      "type": "PROCESS_GROUP",
      "longId": 4237153702906254810,
      "hashCode": -759680352
    },
    {
      "type": "PROCESS_GROUP",
      "longId": -8233468997795704841,
      "hashCode": 814668281
    },
    {
      "type": "PROCESS_GROUP",
      "longId": -744389351531250899,
      "hashCode": -758243188
    },
    {
      "type": "PROCESS_GROUP",
      "longId": -3560289727897469962,
      "hashCode": -1046104512
    },
    {
      "type": "PROCESS_GROUP",
      "longId": -2333316667940252382,
      "hashCode": -2056113269
    },
    {
      "type": "PROCESS_GROUP",
      "longId": 8528293757069620869,
      "hashCode": -871734004
    },
    {
      "type": "PROCESS_GROUP",
      "longId": 5774882591794908013,
      "hashCode": -1885254650
    },
    {
      "type": "PROCESS_GROUP",
      "longId": -196248627381415580,
      "hashCode": 939727648
    },
    {
      "type": "PROCESS_GROUP",
      "longId": -6291299335640644122,
      "hashCode": -338831613
    },
    {
      "type": "PROCESS_GROUP",
      "longId": 8665045897348037943,
      "hashCode": -375205387
    },
    {
      "type": "PROCESS_GROUP",
      "longId": 179639458842409570,
      "hashCode": -779104045
    },
    {
      "type": "PROCESS_GROUP",
      "longId": 7774115676555716746,
      "hashCode": -1543168223
    }
  ]
}