{
  "IS_INSTANCE_OF": [
    {
      "type": "HOST_GROUP",
      "longId": -3646358395153930253,
      "hashCode": 276019823
    }
  ],
  "IS_NETWORK_CLIENT_OF_HOST": [
    {
      "type": "HOST",
      "longId": 5989836489796083872,
      "hashCode": 534236546
    },
    {
      "type": "CUSTOM_DEVICE",
      "longId": 7393537806051368404,
      "hashCode": 629657092
    },
    {
      "type": "HOST",
      "longId": 9123982672855455484,
      "hashCode": 381727855
    },
    {
      "type": "HOST",
      "longId": 4209423669804051639,
      "hashCode": 1235242374
    },
    {
      "type": "CUSTOM_DEVICE",
      "longId": -4899152562948901709,
      "hashCode": -721498782
    }
  ],
  "IS_ENTITY_WITH_LOGS": [
    {
      "type": "ENVIRONMENT",
      "longId": 1,
      "hashCode": 249
    }
  ]
}