{
  "version": "1.765",
  "experimentalMinVersion" : "1.62",
  "productiveMinVersion" : "1.64",
  "metricGroup": "tech.IBMMQ",
  "name": "custom.remote.python.ibmmqpcf",
  "type": "python",
  "requiredAgentVersion": "1.90",
  "entity": "CUSTOM_DEVICE",
  "processTypeNames": ["PYTHON"],
  "technologies": ["IBM Message Queue"],
  "favicon": "https://s3.eu-west-2.amazonaws.com/dynatrace-extensions/mq.png",
  "source": {
    "package": "custom_IBM_MQ_Plugin_Remote_PCF",
    "className": "CustomIBMMQPluginRemote",
    "install_requires": ["pymqi"],
    "activation": "Remote"
  },
  "metrics": [
    {
	  "entity": "CUSTOM_DEVICE",
      "timeseries": {
        "key": "QueueManager.Status",
        "unit": "Percent",
        "dimensions": [],
        "displayname": "Status"
      },
        "alert_settings": [
            {
                    "alert_id": "mq_qmgr_sts",
                    "event_type": "AVAILABILITY_EVENT",
                    "event_name": "Queue manager is down",
                    "description": "The {metricname} of {entityname} is {alert_condition} {threshold}",
                    "threshold": 99.0,
                    "default_state": "active",
                    "alert_condition": "BELOW",
                    "samples":3,
                    "violating_samples":1,
                    "dealerting_samples":3
            }
        ]
    },
    {
	  "entity": "CUSTOM_DEVICE",
      "timeseries": {
        "key": "QueueManager.Connections",
        "unit": "Count",
        "dimensions": [],
        "displayname": "Connections"
      },
      "alert_settings": [
            {
                    "alert_id": "mq_qmgr_conns",
                    "event_type": "PERFORMANCE_EVENT",
                    "event_name": "Queue manager has low connections",
                    "description": "The {metricname} of {entityname} is {alert_condition} {threshold}",
                    "threshold": 5,
                    "default_state": "inactive",
                    "alert_condition": "BELOW",
                    "samples":3,
                    "violating_samples":1,
                    "dealerting_samples":3
            }
        ]
    },
    {
	  "entity": "CUSTOM_DEVICE",
      "timeseries": {
        "key": "QueueManager.ActiveChannels",
        "unit": "Count",
        "dimensions": [],
        "displayname": "Active Channels"
      },
      "alert_settings": [
            {
                    "alert_id": "mq_qgr_act_chnls",
                    "event_type": "PERFORMANCE_EVENT",
                    "event_name": "Queue manager has high active channels",
                    "description": "The {metricname} of {entityname} is {alert_condition} {threshold}",
                    "threshold": 5,
                    "default_state": "inactive",
                    "alert_condition": "ABOVE",
                    "samples":3,
                    "violating_samples":2,
                    "dealerting_samples":3
            }
        ]
    },
    {
	  "entity": "CUSTOM_DEVICE",
      "timeseries": {
        "key": "Queue.Depth",
        "unit": "Count",
        "dimensions": ["Queue"],
        "displayname": "Depth"
      },
      "alert_settings": [
            {
                    "alert_id": "mq_queue_depth",
                    "event_type": "PERFORMANCE_EVENT",
                    "event_name": "Queue depth has dropped below threshold",
                    "description": "The {metricname} of {dimensions} is {alert_condition} {threshold}",
                    "threshold": 1.0,
                    "default_state": "inactive",
                    "alert_condition": "BELOW",
                    "samples":3,
                    "violating_samples":1,
                    "dealerting_samples":3
            }
        ]
    },
    {
	  "entity": "CUSTOM_DEVICE",
      "timeseries": {
        "key": "Queue.InhibitGet",
        "unit": "Count",
        "dimensions": ["Queue"],
        "displayname": "Inhibit Get"
      },
      "alert_settings": [
            {
                    "alert_id": "mq_q_inhget",
                    "event_type": "AVAILABILITY_EVENT",
                    "event_name": "Queue inhibits GET",
                    "description": "Queue {dimensions} is inhibiting MQGET",
                    "threshold": 0.1,
                    "default_state": "inactive",
                    "alert_condition": "ABOVE",
                    "samples":3,
                    "violating_samples":1,
                    "dealerting_samples":3
            }
        ]
    },
    {
	  "entity": "CUSTOM_DEVICE",
      "timeseries": {
        "key": "Queue.InhibitPut",
        "unit": "Count",
        "dimensions": ["Queue"],
        "displayname": "InhibitPut"
      },
      "alert_settings": [
            {
                    "alert_id": "mq_q_inhput",
                    "event_type": "AVAILABILITY_EVENT",
                    "event_name": "Queue inhibits PUT",
                    "description": "Queue {dimensions} is inhibiting MQPUT",
                    "threshold": 0.1,
                    "default_state": "inactive",
                    "alert_condition": "ABOVE",
                    "samples":3,
                    "violating_samples":1,
                    "dealerting_samples":3
            }
        ]
    },
    {
	  "entity": "CUSTOM_DEVICE",
      "timeseries": {
        "key": "Queue.OpenInputCount",
        "unit": "Count",
        "dimensions": ["Queue"],
        "displayname": "Open Input Count"
      }
    },
    {
	  "entity": "CUSTOM_DEVICE",
      "timeseries": {
        "key": "Queue.OpenOutputCount",
        "unit": "Count",
        "dimensions": ["Queue"],
        "displayname": "Open Output Count"
      }
    },
    {
	  "entity": "CUSTOM_DEVICE",
      "timeseries": {
        "key": "Queue.OldestMessageAge",
        "unit": "Second",
        "dimensions": ["Queue"],
        "displayname": "Oldest Message Age"
      },
        "alert_settings": [
            {
                "alert_id": "mq_q_msg_age",
                "event_type": "PERFORMANCE_EVENT",
                "event_name": "Queue messages are aging",
                "description": "Messages in queue {entityname} are older than {threshold}",
                "threshold": 5,
                "default_state": "inactive",
                "alert_condition": "ABOVE",
                "samples":3,
                "violating_samples":1,
                "dealerting_samples":3
            }
        ]
    },
    {
	  "entity": "CUSTOM_DEVICE",
      "timeseries": {
        "key": "Queue.UncommittedMessages",
        "unit": "Count",
        "dimensions": ["Queue"],
        "displayname": "Uncommitted Messages"
      }
    },
    {
	  "entity": "CUSTOM_DEVICE",
      "timeseries": {
        "key": "Queue.DequeueRate",
        "unit": "PerSecond",
        "dimensions": ["Queue"],
        "displayname": "Dequeue Rate"
      },
        "alert_settings": [
            {
                "alert_id": "mq_q_deq_rate",
                "event_type": "PERFORMANCE_EVENT",
                "event_name": "Dequeue rate has reduced",
                "description": "Dequeue rate on {entityname} has reduced by {threshold}",
                "threshold": 5,
                "default_state": "inactive",
                "alert_condition": "BELOW",
                "samples":3,
                "violating_samples":1,
                "dealerting_samples":3
            }
        ]
    },
    {
	  "entity": "CUSTOM_DEVICE",
      "timeseries": {
        "key": "Queue.EnqueueRate",
        "unit": "PerSecond",
        "dimensions": ["Queue"],
        "displayname": "Enqueue Rate"
      },
        "alert_settings": [
            {
                "alert_id": "mq_q_enq_rate",
                "event_type": "PERFORMANCE_EVENT",
                "event_name": "Enqueue rate has increased",
                "description": "Enqueue rate on {entityname} has increased by {threshold}",
                "threshold": 5,
                "default_state": "inactive",
                "alert_condition": "ABOVE",
                "samples":3,
                "violating_samples":1,
                "dealerting_samples":3
            }
        ]
    },
    {
	  "entity": "CUSTOM_DEVICE",
      "timeseries": {
        "key": "Queue.LastGet",
        "unit": "MilliSecond",
        "dimensions": ["Queue"],
        "displayname": "Last get"
      }
    },
    {
	  "entity": "CUSTOM_DEVICE",
      "timeseries": {
        "key": "Queue.LastPut",
        "unit": "MilliSecond",
        "dimensions": ["Queue"],
        "displayname": "Last put"
      }
    },
    {
	  "entity": "CUSTOM_DEVICE",
      "timeseries": {
        "key": "Queue.PercentQueueDepth",
        "unit": "Percent",
        "dimensions": ["Queue"],
        "displayname": "Percent Queue Depth"
      },
        "alert_settings": [
            {
                    "alert_id": "mq_q_depth_pct",
                    "event_type": "PERFORMANCE_EVENT",
                    "event_name": "Queue depth is reaching maximum",
                    "description": "The {metricname} of {dimensions} is {alert_condition} {threshold} and reaching maximum",
                    "threshold": 98.0,
                    "default_state": "inactive",
                    "alert_condition": "ABOVE",
                    "samples":3,
                    "violating_samples":1,
                    "dealerting_samples":3
            }
        ]
    },
    {
	  "entity": "CUSTOM_DEVICE",
      "timeseries": {
        "key": "Queue.TimeIndicatorShort",
        "unit": "MicroSecond",
        "dimensions": ["Queue"],
        "displayname": "Time Short"
      }
    },
    {
	  "entity": "CUSTOM_DEVICE",
      "timeseries": {
        "key": "Queue.TimeIndicatorLong",
        "unit": "MicroSecond",
        "dimensions": ["Queue"],
        "displayname": "Time Long"
      }
    },
    {
        "entity": "CUSTOM_DEVICE", 
        "statetimeseries": {
            "key": "Channel.Status2",
            "states": ["Inactive", "Starting", "Initializing", "Binding", "Running", "Stopping", "Stopped", "Paused", "Retrying", "Requesting", "Switching"],
            "dimensions": ["Channel"],
            "displayname": "Status"
        }
    },
    {
	  "entity": "CUSTOM_DEVICE",
      "timeseries": {
        "key": "Channel.Messages",
        "unit": "Count",
        "dimensions": ["Channel"],
        "displayname": "Messages"
      }
    },
    {
	  "entity": "CUSTOM_DEVICE",
      "timeseries": {
        "key": "Channel.BytesSent2",
        "unit": "Byte",
        "dimensions": ["Channel"],
        "displayname": "Bytes sent"
      }
    },
    {
	  "entity": "CUSTOM_DEVICE",
      "timeseries": {
        "key": "Channel.BytesReceived2",
        "unit": "Byte",
        "dimensions": ["Channel"],
        "displayname": "Bytes received"
      }
    },
    {
	  "entity": "CUSTOM_DEVICE",
      "timeseries": {
        "key": "Channel.BuffersSent",
        "unit": "Count",
        "dimensions": ["Channel"],
        "displayname": "Buffers sent"
      }
    },
    {
	  "entity": "CUSTOM_DEVICE",
      "timeseries": {
        "key": "Channel.BuffersReceived",
        "unit": "Count",
        "dimensions": ["Channel"],
        "displayname": "Buffers received"
      }
    },
    {
	  "entity": "CUSTOM_DEVICE",
      "timeseries": {
        "key": "Channel.Connections",
        "unit": "Count",
        "dimensions": ["Channel"],
        "displayname": "Connections"
      }
    },
    {
	  "entity": "CUSTOM_DEVICE",
      "timeseries": {
        "key": "Channel.LastMsg",
        "unit": "Second",
        "dimensions": ["Channel"],
        "displayname": "Age of last message"
      }
    },
    {
	  "entity": "CUSTOM_DEVICE",
      "timeseries": {
        "key": "Channel.CurrentSharingConvs",
        "unit": "Count",
        "dimensions": ["Channel"],
        "displayname": "Current sharing conversations"
      }
    },
    {
	  "entity": "CUSTOM_DEVICE",
      "timeseries": {
        "key": "Channel.ListenerStatus",
        "unit": "Percent",
        "dimensions": ["Listener"],
        "displayname": "Status"
      },
        "alert_settings": [
            {
                    "alert_id": "mq_lsnr_sts",
                    "event_type": "AVAILABILITY_EVENT",
                    "event_name": "Listener is down",
                    "description": "The {metricname} of {dimensions} is {alert_condition} {threshold}",
                    "threshold": 99.0,
                    "default_state": "inactive",
                    "alert_condition": "BELOW",
                    "samples":3,
                    "violating_samples":1,
                    "dealerting_samples":3
            }
        ]
    }
  ],
  "ui": {
		"keymetrics" : [
            {
                "key": "QueueManager.Status",
                "mergeaggregation" : "avg",
                "displayname": "Availability"
            },
			{
				"key": "QueueManager.Connections",
                "mergeaggregation" : "sum",
				"displayname": "Connections"
			},
            {
				"key": "QueueManager.ActiveChannels",
                "mergeaggregation" : "sum",
				"displayname": "Active Channels"
			}
		],
		"keycharts": [
			{
				"group": "Queue Manager",
				"title": "Availability",
				"series": [
					{
						"key": "QueueManager.Status",
                        "displayname": "Availability"
					}
				]
			},
            {
				"group": "Queue Manager",
				"title": "Queue Manager Connections",
				"series": [
					{
						"key": "QueueManager.Connections",
                        "displayname": "Connections"
					}
				]
			},
            {
				"group": "Queue Manager",
				"title": "Queue Manager Active Channels",
				"series": [
					{
						"key": "QueueManager.ActiveChannels",
                        "displayname": "Active Channels"
					}
				]
			},
			{
				"group": "Queue",
				"title": "Average Queue Depth",
				"series": [
					{
						"key": "Queue.Depth",
                        "mergeaggregation" : "avg",
                        "displayname": "Queue Depth",
                        "seriestype": "line",
                        "color": "#00cc00"
					},
                    {
						"key": "Queue.PercentQueueDepth",
                        "mergeaggregation" : "avg",
                        "displayname": "Percentage Queue Depth",
                        "seriestype": "area",
                        "rightaxis": true
					}
				]
			},
            {
				"group": "Channel",
				"title": "Channel Transfer",
				"series": [
					{
						"key": "Channel.BytesSent2",
                        "mergeaggregation" : "avg",
                        "displayname": "Bytes Sent",
                        "seriestype": "line",
                        "color": "#00cc00"
					},
                    {
						"key": "Channel.BytesReceived2",
                        "mergeaggregation" : "avg",
                        "displayname": "Bytes Received",
                        "seriestype": "line"
					}
				]
			}
        ],
        "charts": [
            {
                "group": "Queues",
                "title": "Queue depth",
				"series": [
					{
                        "key": "Queue.Depth",
                        "displayname": "Number of messages",
                        "seriestype": "line",
                        "color": "#00cc00"
                    },
                    {
                        "key": "Queue.PercentQueueDepth",
                        "displayname": "Percent queue depth",
                        "rightaxis": true,
                        "seriestype": "area",
                        "color": "#00a6fb"
                    }
				]
            },
            {
                "group": "Queues",
                "title": "Enqueue/Dequeue rate",
				"series": [
					{
                        "key": "Queue.EnqueueRate",
                        "displayname": "Enqueue rate",
                        "seriestype": "line",
                        "color": "#00cc00"
                    },
                    {
                        "key": "Queue.DequeueRate",
                        "displayname": "Dequeue rate",
                        "seriestype": "line"
                    }
				]
            },
            {
                "group": "Queues",
                "title": "Open input/output count",
				"series": [
					{
                        "key": "Queue.OpenInputCount",
                        "displayname": "In handles",
                        "seriestype": "line",
                        "color": "#00cc00"
                    },
                    {
                        "key": "Queue.OpenOutputCount",
                        "displayname": "Out handles",
                        "seriestype": "line"
                    }
				]
            },
            {
                "group": "Queues",
                "title": "Oldest message",
				"series": [
					{
                        "key": "Queue.OldestMessageAge",
                        "displayname": "Age",
                        "seriestype": "line"
                    }
				]
            },
            {
                "group": "Queues",
                "title": "Uncommitted messages",
				"series": [
					{
                        "key": "Queue.UncommittedMessages",
                        "displayname": "Number of messages",
                        "seriestype": "line"
                    }
				]
            },
            {
                "group": "Queues",
                "title": "Time in queue",
				"series": [
					{
                        "key": "Queue.TimeIndicatorShort",
                        "displayname": "Time in short period",
                        "seriestype": "line",
                        "color": "#00cc00"
                    },
                    {
                        "key": "Queue.TimeIndicatorLong",
                        "displayname": "Time in long period",
                        "seriestype": "line"
                    }
				]
            },
            {
                "group": "Queues",
                "title": "Last Get/Put",
				"series": [
					{
                        "key": "Queue.LastGet",
                        "displayname": "Last get",
                        "seriestype": "line",
                        "color": "#00cc00"
                    },
                    {
                        "key": "Queue.LastPut",
                        "displayname": "Last put",
                        "seriestype": "line"
                    }
				]
            },
            {
                "group": "Queues",
                "title": "Inhibits",
				"series": [
                    {
                        "key": "Queue.InhibitGet",
                        "displayname": "Inhibit get",
                        "seriestype": "line",
                        "color": "#00cc00"
                    },
                    {
                        "key": "Queue.InhibitPut",
                        "displayname": "Inhibit put",
                        "seriestype": "line"
                    }
				]
            },
            {
                "group": "Channels",
                "title": "Channel Status",
				"series": [
					{
                        "key": "Channel.Status2",
                        "displayname": "Status",
                        "seriestype": "bar",
                        "statecolors": ["#d0d0d0", "#ffde00", "#1c40a0", "#268ec2", "#02cd1f", "#a0a0a0", "#656565", "#e88800", "#dc172a", "#c76ce1", "#875cb5"],
                        "statechart": true,
                        "stacked": true
                    }
				]
            },
            {
                "group": "Channels",
                "title": "Channel messages",
				"series": [
					{
                        "key": "Channel.Messages",
                        "displayname": "Number of messages",
                        "seriestype": "line"
                    }
				]
            },
            {
                "group": "Channels",
                "title": "Bytes transferred",
				"series": [
					{
                        "key": "Channel.BytesSent2",
                        "displayname": "Sent",
                        "seriestype": "line",
                        "color": "#00cc00"
                    },
                    {
                        "key": "Channel.BytesReceived2",
                        "displayname": "Received",
                        "seriestype": "line"
                    }
				]
            },
            {
                "group": "Channels",
                "title": "Buffers transferred",
				"series": [
					{
                        "key": "Channel.BuffersSent",
                        "displayname": "Sent",
                        "seriestype": "line",
                        "color": "#00cc00"
                    },
                    {
                        "key": "Channel.BuffersReceived",
                        "displayname": "Received",
                        "seriestype": "line"
                    }
				]
            },
            {
                "group": "Channels",
                "title": "Channel connections",
				"series": [
					{
                        "key": "Channel.Connections",
                        "displayname": "Number of connections"
                    }
				]
            },
            {
                "group": "Channels",
                "title": "Last message",
				"series": [
					{
                        "key": "Channel.LastMsg",
                        "displayname": "Time in seconds",
                        "seriestype": "line"
                    }
				]
            },
            {
                "group": "Channels",
                "title": "Conversations",
				"series": [
					{
                        "key": "Channel.CurrentSharingConvs",
                        "displayname": "Number of conversations",
                        "seriestype": "line"
                    }
				]
            },
            {
                "group": "Listeners",
                "title": "Listener status",
				"series": [
					{
                        "key": "Channel.ListenerStatus",
                        "displayname": "Availability"
                    }
				]
            }
        ]
  },
  "configUI": {
    "displayName": "IBM Message Queue",
	  "properties" : [
			{ "key" : "auth_user", "displayName": "User", "displayOrder": 1, "displayHint": "Must enter a valid username" },
			{ "key" : "auth_password", "displayName": "Password", "displayOrder": 2, "displayHint": "Must enter password" },
			{ "key" : "host_port", "displayName": "Comma-separated Queue Manager hosts:ports", "displayOrder": 3, "displayHint": "IP(port) or hostname(port)" },
			{ "key" : "server_connection", "displayName": "Server-connection channel", "displayOrder": 4, "displayHint": "Name of communication channel" },
			{ "key" : "queue_manager", "displayName": "Single queue manager", "displayOrder": 5, "displayHint": "My_qmgr_name" },
			{ "key" : "channel", "displayName": "Channels", "displayOrder": 6, "displayHint": "Leave empty for none, or abc*, or -abc* to exclude" },
			{ "key" : "queues", "displayName": "Comma seperated queues", "displayOrder": 7, "displayHint": "Queue1, Que*, -UnwantedQu*" },
			{ "key" : "exclude_system", "displayName": "Exclude System queues", "displayOrder": 8 },
			{ "key" : "reset_q_stats", "displayName": "Run Reset Stats on Queues (retrieves Deq/Enq)", "displayOrder": 9 },
			{ "key" : "listener", "displayName": "Listener channel", "displayOrder": 10, "displayHint": "Leave empty for none, * for all" },
            { "key" : "dlq_alert", "displayName": "Alert on Dead Letter Queue messages", "displayOrder": 11 },
            { "key" : "retry_channel_alert", "displayName": "Alert on Channel Retry state", "displayOrder": 12 },
            { "key" : "key_repo_location", "displayName": "Path to key repository", "displayOrder": 13, "displayHint": "Enter location if using SSL, leave blank otherwise" },
            { "key" : "cipher_spec", "displayName": "Cipher spec", "displayOrder": 14, "displayHint": "Enter exact cipher specification" },
            { "key" : "get_queue_topology", "displayName": "Retrieve queue topology for improved transaction tracing", "displayOrder": 15 },
            { "key" : "api_endpoint", "displayName": "Cluster environment or tenant", "displayOrder": 16, "displayHint": "Example: abc123.dynatrace-managed.com/e/c78e9214-f46d-0j32-1ap5-6f9673fe384e"},
            { "key" : "api_token", "displayName": "API token key", "displayOrder": 17, "displayHint": "Example: Dpsfgr3vs2mdkso2r"},
            { "key" : "http_proxy_host", "displayName": "HTTP Proxy Host:Port", "displayOrder": 18, "displayHint": "If you use a proxy to communicate, enter the host:port" },
            { "key" : "http_proxy_user", "displayName": "HTTP Proxy User", "displayOrder": 19, "displayHint": "If using Basic Auth to HTTP proxy, enter the username" },
            { "key" : "http_proxy_password", "displayName": "HTTP Proxy Password", "displayOrder": 20, "displayHint": "If using Basic Auth to HTTP proxy, enter the password" },
            { "key" : "group", "displayName": "Name of group", "displayOrder": 21, "displayHint": "Name of group this queue manager belongs to" },
            { "key" : "debug", "displayName": "Output debug", "displayOrder": 22 }
		]
  },
  "properties": [
    {
      "key": "auth_user",
      "type": "String"
    },
    {
      "key": "auth_password",
      "type": "Password"
    },
	{
      "key": "host_port",
      "type": "Textarea"
    },
	{
      "key": "queue_manager",
      "type": "String"
    },
	{
      "key": "channel",
      "type": "Textarea"
    },
	{
      "key": "queues",
      "type": "Textarea"
    },
	{
      "key": "listener",
      "type": "Textarea"
    },
	{
      "key": "server_connection",
      "type": "String"
    },
	{
      "key": "group",
      "type": "String"
    },
    {
        "key": "key_repo_location",
        "type": "String"
    },
    {
        "key": "exclude_system",
        "type": "Boolean"
    },
    {
        "key": "reset_q_stats",
        "type": "Boolean"
    },
    {
        "key": "debug",
        "type": "Boolean"
    },
    {
        "key": "dlq_alert",
        "type": "Boolean"
    },
    {
        "key": "retry_channel_alert",
        "type": "Boolean"
    },
    {
        "key": "get_queue_topology",
        "type": "Boolean"
    },
    {
        "key": "api_endpoint",
        "type": "String"
    },
    {
        "key": "api_token",
        "type": "Password"
    },
    {
      "key": "http_proxy_host",
      "type": "String"
    },
    {
      "key": "http_proxy_user",
      "type": "String"
    },
    {
      "key": "http_proxy_password",
      "type": "Password"
    },
    {
        "key": "cipher_spec",
        "type": "Dropdown",
        "defaultValue": "",
        "dropdownValues": ["","AES_SHA_US","DES_SHA_EXPORT","DES_SHA_EXPORT1024","FIPS_WITH_DES_CBC_SHA","NULL_MD5","NULL_SHA","RC2_MD5_EXPORT","RC4_MD5_EXPORT","RC4_MD5_US","RC4_SHA_US","RC4_56_SHA_EXPORT1024","TLS_RSA_EXPORT_WITH_RC2_40_MD5","TLS_RSA_EXPORT_WITH_RC4_40_MD5","TLS_RSA_WITH_AES_128_CBC_SHA","TLS_RSA_WITH_AES_256_CBC_SHA","TLS_RSA_WITH_DES_CBC_SHA","TLS_RSA_WITH_NULL_MD5","TLS_RSA_WITH_NULL_SHA","TLS_RSA_WITH_RC4_128_MD5","ECDHE_ECDSA_AES_128_CBC_SHA256","ECDHE_ECDSA_AES_256_CBC_SHA384","ECDHE_ECDSA_AES_128_GCM_SHA256","ECDHE_ECDSA_AES_256_GCM_SHA384","ECDHE_ECDSA_NULL_SHA256","ECDHE_ECDSA_RC4_128_SHA256","ECDHE_RSA_AES_128_CBC_SHA256","ECDHE_RSA_AES_256_CBC_SHA384","ECDHE_RSA_AES_128_GCM_SHA256","ECDHE_RSA_AES_256_GCM_SHA384","ECDHE_RSA_NULL_SHA256","ECDHE_RSA_RC4_128_SHA256","TLS_RSA_WITH_AES_128_CBC_SHA256","TLS_RSA_WITH_AES_256_CBC_SHA256","TLS_RSA_WITH_AES_128_GCM_SHA256","TLS_RSA_WITH_AES_256_GCM_SHA384","TLS_RSA_WITH_NULL_NULL","TLS_RSA_WITH_NULL_SHA256","TLS_RSA_WITH_RC4_128_SHA256"]
    }
  ]
}
