
[
    {"className":"com.ibm.tivoli.unity.content.insightpack.msgbroker.extractor.splitter.MsgBrokerSplitter","fileType":0,"fileName":"WMsgBrokerExtractor.jar","type":0,"name":"MsgBrokerSplitter"},
    {"className":"com.ibm.tivoli.unity.content.insightpack.msgbroker.extractor.annotator.MsgBrokerAnnotator","fileType":0,"fileName":"WMsgBrokerExtractor.jar","type":1,"name":"MsgBrokerAnnotator"},
    {"className":"com.ibm.tivoli.unity.content.insightpack.msgbroker.extractor.splitter.MsgBrokerSyslogSplitter","fileType":0,"fileName":"WMsgBrokerExtractor.jar","type":0,"name":"MsgBrokerSyslog_Splitter"},
    {"className":"com.ibm.tivoli.unity.content.insightpack.msgbroker.extractor.annotator.MsgBrokerSyslogAnnotator","fileType":0,"fileName":"WMsgBrokerExtractor.jar","type":1,"name":"MsgBrokerSyslog_Annotator"},
    {"className":"com.ibm.tivoli.unity.content.insightpack.msgbroker.extractor.splitter.MsgBrokerUserTraceSplitter","fileType":0,"fileName":"WMsgBrokerExtractor.jar","type":0,"name":"MsgBrokerUserTrace_Splitter"},
    {"className":"com.ibm.tivoli.unity.content.insightpack.msgbroker.extractor.annotator.MsgBrokerUserTraceAnnotator","fileType":0,"fileName":"WMsgBrokerExtractor.jar","type":1,"name":"MsgBrokerUserTrace_Annotator"},

]
