
[{"indexConfigMeta":{"lastModified":"27\/03\/2015","version":"1.0.0.0","description":"Index configuration for Message Broker Console log","name":"Message Broker Console Config"},"fields":{"logRecord":{"dataType":"TEXT","retrievable":true,"retrieveByDefault":true,"sortable":false,"filterable":false,"searchable":true,"source":{"paths":["content.text","metadata.text"],"combine":"FIRST"}},"timestamp":{"dataType":"DATE","retrievable":true,"retrieveByDefault":true,"sortable":true,"filterable":true,"searchable":true,"source":{"paths":["metadata.timestamp"],"dateFormats":["yyyy-MM-dd HH:mm:ss.SSS"]}},"UUID":{"dataType":"TEXT","retrievable":true,"retrieveByDefault":true,"sortable":false,"filterable":true,"searchable":true,"source":{"paths":["annotations.UUID"]}},"broker_name":{"dataType":"TEXT","retrievable":true,"retrieveByDefault":true,"sortable":true,"filterable":true,"searchable":true,"source":{"paths":["annotations.broker_name"]}},"thread_id":{"dataType":"TEXT","retrievable":true,"retrieveByDefault":true,"sortable":false,"filterable":false,"searchable":true,"source":{"paths":["annotations.thread_id"]}},"message":{"dataType":"TEXT","retrievable":true,"retrieveByDefault":true,"sortable":false,"filterable":false,"searchable":true,"source":{"paths":["annotations.message"]}},"SystemName":{"dataType":"TEXT","retrievable":true,"retrieveByDefault":true,"sortable":true,"filterable":true,"searchable":true,"source":{"paths":["metadata.hostname"]}}}}, {"indexConfigMeta":{"lastModified":"29\/04\/2015","version":"1.0.0.0","description":"Index configuration for Message Broker syslog ","name":"Message Broker Syslog Config"},"fields":{"logRecord":{"dataType":"TEXT","retrievable":true,"retrieveByDefault":true,"sortable":false,"filterable":false,"searchable":true,"source":{"paths":["content.text","metadata.text"],"combine":"FIRST"}},"timestamp":{"dataType":"DATE","retrievable":true,"retrieveByDefault":true,"sortable":true,"filterable":true,"searchable":true,"source":{"paths":["metadata.timestamp"],"dateFormats":["MMM dd HH:mm:ss yyyy"]}},"SystemName":{"dataType":"TEXT","retrievable":true,"retrieveByDefault":true,"sortable":true,"filterable":true,"searchable":true,"source":{"paths":["annotations.hostname"]}},"Product":{"dataType":"TEXT","retrievable":true,"retrieveByDefault":true,"sortable":true,"filterable":false,"searchable":true,"source":{"paths":["annotations.product"]}},"Process":{"dataType":"TEXT","retrievable":true,"retrieveByDefault":true,"sortable":true,"filterable":false,"searchable":true,"source":{"paths":["annotations.process"]}},"severity":{"dataType":"TEXT","retrievable":true,"retrieveByDefault":true,"sortable":true,"filterable":true,"searchable":true,"source":{"paths":["annotations.severity"]}},"version":{"dataType":"TEXT","retrievable":true,"retrieveByDefault":true,"sortable":false,"filterable":false,"searchable":true,"source":{"paths":["annotations.version"]}},"Broker":{"dataType":"TEXT","retrievable":true,"retrieveByDefault":true,"sortable":true,"filterable":true,"searchable":true,"source":{"paths":["annotations.broker"]}},"ExecutionGroup":{"dataType":"TEXT","retrievable":true,"retrieveByDefault":true,"sortable":true,"filterable":true,"searchable":true,"source":{"paths":["annotations.executionGroup"]}},"ThreadID":{"dataType":"TEXT","retrievable":true,"retrieveByDefault":true,"sortable":true,"filterable":false,"searchable":true,"source":{"paths":["annotations.threadID"]}},"MessageGroup":{"dataType":"TEXT","retrievable":true,"retrieveByDefault":true,"sortable":true,"filterable":false,"searchable":true,"source":{"paths":["annotations.msgGroup"]}},"MessageID":{"dataType":"TEXT","retrievable":true,"retrieveByDefault":true,"sortable":true,"filterable":true,"searchable":true,"source":{"paths":["annotations.msgID"]}},"MessageText":{"dataType":"TEXT","retrievable":true,"retrieveByDefault":true,"sortable":false,"filterable":false,"searchable":true,"source":{"paths":["annotations.message"]}}}}, {"indexConfigMeta":{"lastModified":"13\/07\/2015","version":"1.0.0.0","description":"Index configuration for Message Broker User trace logs","name":"Message Broker UserTraceConfig"},"fields":{"logRecord":{"dataType":"TEXT","retrievable":true,"retrieveByDefault":true,"sortable":false,"filterable":false,"searchable":true,"source":{"paths":["content.text","metadata.text"],"combine":"FIRST"}},"timestamp":{"dataType":"DATE","retrievable":true,"retrieveByDefault":true,"sortable":true,"filterable":true,"searchable":true,"source":{"paths":["metadata.timestamp"],"dateFormats":["yyyy-MM-dd HH:mm:ss.S"]}},"ThreadID":{"dataType":"TEXT","retrievable":true,"retrieveByDefault":true,"sortable":true,"filterable":false,"searchable":true,"source":{"paths":["annotations.threadID"]}},"Product":{"dataType":"TEXT","retrievable":true,"retrieveByDefault":true,"sortable":true,"filterable":false,"searchable":true,"source":{"paths":["annotations.product"]}},"version":{"dataType":"TEXT","retrievable":true,"retrieveByDefault":true,"sortable":false,"filterable":false,"searchable":true,"source":{"paths":["annotations.version"]}},"ExecutionGroup":{"dataType":"TEXT","retrievable":true,"retrieveByDefault":true,"sortable":true,"filterable":true,"searchable":true,"source":{"paths":["annotations.executionGroup"]}},"MessageID":{"dataType":"TEXT","retrievable":true,"retrieveByDefault":true,"sortable":true,"filterable":true,"searchable":true,"source":{"paths":["annotations.msgID"]}},"severity":{"dataType":"TEXT","retrievable":true,"retrieveByDefault":true,"sortable":true,"filterable":true,"searchable":true,"source":{"paths":["annotations.severity"]}},"MessageText":{"dataType":"TEXT","retrievable":true,"retrieveByDefault":true,"sortable":false,"filterable":false,"searchable":true,"source":{"paths":["annotations.message"]}},"Node":{"dataType":"TEXT","retrievable":true,"retrieveByDefault":true,"sortable":true,"filterable":true,"searchable":true,"source":{"paths":["annotations.node"]}},"SystemName":{"dataType":"TEXT","retrievable":true,"retrieveByDefault":true,"sortable":true,"filterable":true,"searchable":true,"source":{"paths":["metadata.hostname"]}}}}]
