{
  "PROCESS_GROUP_INSTANCE+9F3F3201B38BE0E1": [
    {
      "type": "PROCESS_GROUP",
      "longId": 8665045897348037943,
      "hashCode": -375205387
    }
  ],
  "PROCESS_GROUP_INSTANCE+7B7CCD33D1E12D3B": [
    {
      "type": "PROCESS_GROUP",
      "longId": -4711707073091708346,
      "hashCode": -936313158
    }
  ],
  "PROCESS_GROUP_INSTANCE+F5FC4D784771584C": [
    {
      "type": "PROCESS_GROUP",
      "longId": 7774115676555716746,
      "hashCode": -1543168223
    }
  ],
  "PROCESS_GROUP_INSTANCE+67D039F490BC4341": [
    {
      "type": "PROCESS_GROUP",
      "longId": 1379439024455990843,
      "hashCode": -517570605
    }
  ],
  "PROCESS_GROUP_INSTANCE+CE130995C2E27E96": [
    {
      "type": "PROCESS_GROUP",
      "longId": 5774882591794908013,
      "hashCode": -1885254650
    }
  ],
  "PROCESS_GROUP_INSTANCE+107281B3325F7B82": [
    {
      "type": "PROCESS_GROUP",
      "longId": -3560289727897469962,
      "hashCode": -1046104512
    }
  ],
  "PROCESS_GROUP_INSTANCE+E65F53131B43ACF2": [
    {
      "type": "PROCESS_GROUP",
      "longId": -196248627381415580,
      "hashCode": 939727648
    }
  ],
  "PROCESS_GROUP_INSTANCE+6413EDF762A5701D": [
    {
      "type": "PROCESS_GROUP",
      "longId": 5060485131221840541,
      "hashCode": 195414154
    }
  ],
  "PROCESS_GROUP_INSTANCE+69CF3FAFEDB61B11": [
    {
      "type": "PROCESS_GROUP",
      "longId": 8528293757069620869,
      "hashCode": -871734004
    }
  ],
  "PROCESS_GROUP_INSTANCE+9129788E4126FE3E": [
    {
      "type": "PROCESS_GROUP",
      "longId": -6291299335640644122,
      "hashCode": -338831613
    }
  ],
  "PROCESS_GROUP_INSTANCE+310D386B717547FF": [
    {
      "type": "PROCESS_GROUP",
      "longId": -744389351531250899,
      "hashCode": -758243188
    }
  ],
  "PROCESS_GROUP_INSTANCE+7EE50C6DE0E2E2CE": [
    {
      "type": "PROCESS_GROUP",
      "longId": -2333316667940252382,
      "hashCode": -2056113269
    }
  ],
  "PROCESS_GROUP_INSTANCE+44538131802B0326": [
    {
      "type": "PROCESS_GROUP",
      "longId": 4237153702906254810,
      "hashCode": -759680352
    }
  ],
  "PROCESS_GROUP_INSTANCE+89A4DD2D181B02FA": [
    {
      "type": "PROCESS_GROUP",
      "longId": -8233468997795704841,
      "hashCode": 814668281
    }
  ],
  "PROCESS_GROUP_INSTANCE+E8BBEEAF17301DF2": [
    {
      "type": "PROCESS_GROUP",
      "longId": 179639458842409570,
      "hashCode": -779104045
    }
  ],
  "PROCESS_GROUP_INSTANCE+804FD051A2B38362": [
    {
      "type": "PROCESS_GROUP",
      "longId": -3435111180643167997,
      "hashCode": 429824810
    }
  ]
}